Name,Date,First,High,Low,Close,Value,Volume,Openint,Per,Open,Last
,,,,,,,,,,,
Abadan.PG,20200722.0,15500.0,15500.0,15500.0,15500.0,3874996280000.0,249999760.0,5235505.0,D,1000.0,15500.0
Abadan.PG,20200725.0,16270.0,16270.0,16270.0,15570.0,5023720440.0,308772.0,6616.0,D,15500.0,16270.0
Abadan.PG,20200726.0,16340.0,16340.0,16340.0,16340.0,53022956860.0,3244979.0,6771.0,D,15570.0,16340.0
Abadan.PG,20200727.0,17150.0,17150.0,17150.0,17150.0,55732972400.0,3249736.0,7371.0,D,16340.0,17150.0
Abadan.PG,20200728.0,18000.0,18000.0,18000.0,18000.0,58438260000.0,3246570.0,8228.0,D,17150.0,18000.0
Abadan.PG,20200729.0,18900.0,18900.0,18900.0,18900.0,61493266800.0,3253612.0,13587.0,D,18000.0,18900.0
Abadan.PG,20200801.0,19840.0,19840.0,19840.0,19840.0,65019132160.0,3277174.0,10472.0,D,18900.0,19840.0
Abadan.PG,20200802.0,20830.0,20830.0,20830.0,20830.0,55662467580.0,2672226.0,10918.0,D,19840.0,20830.0
Abadan.PG,20200803.0,21870.0,21870.0,21870.0,21870.0,58489346700.0,2674410.0,9682.0,D,20830.0,21870.0
Abadan.PG,20200804.0,22960.0,22960.0,22960.0,22960.0,61003434240.0,2656944.0,10920.0,D,21870.0,22960.0
Abadan.PG,20200805.0,24100.0,24100.0,24100.0,23700.0,41611469700.0,1726617.0,9010.0,D,22960.0,24100.0
Abadan.PG,20200811.0,24880.0,24880.0,24880.0,23860.0,7014916000.0,281950.0,6240.0,D,23700.0,24880.0
Abadan.PG,20200812.0,25050.0,25050.0,25050.0,25050.0,52971481500.0,2114630.0,4507.0,D,23860.0,25050.0
Abadan.PG,20200815.0,26300.0,26300.0,26300.0,26080.0,43316599700.0,1647019.0,5998.0,D,25050.0,26300.0
Abadan.PG,20200816.0,27380.0,27380.0,27380.0,27380.0,55316142560.0,2020312.0,4870.0,D,26080.0,27380.0
Abadan.PG,20200817.0,28740.0,28740.0,28740.0,28740.0,59456880900.0,2068785.0,11389.0,D,27380.0,28740.0
Abadan.PG,20200818.0,30170.0,30170.0,30170.0,30170.0,61352022480.0,2033544.0,20461.0,D,28740.0,30170.0
Abadan.PG,20200819.0,31670.0,31670.0,31670.0,31670.0,65358614130.0,2063739.0,28769.0,D,30170.0,31670.0
Abadan.PG,20200822.0,33250.0,33250.0,33250.0,33250.0,76829112500.0,2310650.0,32996.0,D,31670.0,33250.0
Abadan.PG,20200823.0,34910.0,34910.0,31590.0,31750.0,830618939280.0,26157184.0,47715.0,D,33250.0,31590.0
Abadan.PG,20200824.0,30170.0,30180.0,30170.0,30170.0,345623356800.0,11455862.0,52605.0,D,31750.0,30170.0
Abadan.PG,20200825.0,31670.0,31670.0,31330.0,31670.0,579667078070.0,18303352.0,92605.0,D,30170.0,31670.0
Abadan.PG,20200826.0,31800.0,33250.0,31670.0,32800.0,671294476510.0,20468456.0,55818.0,D,31670.0,33250.0
Abadan.PG,20200831.0,34440.0,34440.0,31400.0,33630.0,1786892161190.0,53139361.0,187871.0,D,32800.0,34430.0
Abadan.PG,20200901.0,33640.0,34790.0,32000.0,33520.0,992256944850.0,29599542.0,165210.0,D,33630.0,33400.0
Abadan.PG,20200902.0,32000.0,33300.0,31850.0,32080.0,140043211360.0,4365711.0,17942.0,D,33520.0,31850.0
Abadan.PG,20200905.0,31850.0,33000.0,30480.0,30900.0,513896727420.0,16632625.0,97483.0,D,32080.0,31330.0
Abadan.PG,20200906.0,31400.0,32000.0,29360.0,30460.0,250588646840.0,8226373.0,37705.0,D,30900.0,29360.0
Abadan.PG,20200907.0,28940.0,28940.0,28940.0,30110.0,10385813560.0,358874.0,673.0,D,30460.0,28940.0
Abadan.PG,20200908.0,28610.0,28610.0,28610.0,29910.0,5871029490.0,205209.0,423.0,D,30110.0,28610.0
Abadan.PG,20200909.0,28420.0,29690.0,28420.0,28660.0,813385479200.0,28385080.0,97440.0,D,29910.0,28450.0
Abadan.PG,20200912.0,28810.0,29900.0,27380.0,28510.0,543138425450.0,19052035.0,69894.0,D,28660.0,27690.0
Abadan.PG,20200913.0,27110.0,28000.0,27090.0,27170.0,63633640930.0,2342145.0,6140.0,D,28510.0,27090.0
Abadan.PG,20200914.0,25820.0,28000.0,25820.0,26340.0,709705078110.0,26941585.0,72139.0,D,27170.0,25890.0
Abadan.PG,20200915.0,26230.0,27650.0,26200.0,27390.0,519151223690.0,18955721.0,62110.0,D,26340.0,27650.0
Abadan.PG,20200916.0,28000.0,28490.0,26030.0,26930.0,334314398740.0,12415486.0,48290.0,D,27390.0,26030.0
Abadan.PG,20200919.0,25590.0,25590.0,25590.0,26230.0,24741870630.0,966857.0,907.0,D,26930.0,25590.0
Abadan.PG,20200920.0,24920.0,24920.0,24920.0,25910.0,11242633080.0,451149.0,643.0,D,26230.0,24920.0
Abadan.PG,20200921.0,24620.0,24620.0,24620.0,25780.0,4662240160.0,189368.0,324.0,D,25910.0,24620.0
Abadan.PG,20200922.0,24500.0,24500.0,24500.0,25520.0,9340674000.0,381252.0,606.0,D,25780.0,24500.0
Abadan.PG,20200923.0,24250.0,24250.0,24250.0,25010.0,17958822500.0,740570.0,1359.0,D,25520.0,24250.0
Abadan.PG,20200926.0,23760.0,23760.0,23760.0,24850.0,6198960240.0,260899.0,463.0,D,25010.0,23760.0
Abadan.PG,20200927.0,23610.0,23610.0,23610.0,24770.0,3138288420.0,132922.0,213.0,D,24850.0,23610.0
Abadan.PG,20200928.0,23540.0,23540.0,23540.0,24720.0,2038093200.0,86580.0,113.0,D,24770.0,23540.0
Abadan.PG,20200929.0,23490.0,23490.0,23490.0,24660.0,2328587190.0,99131.0,192.0,D,24720.0,23490.0
Abadan.PG,20200930.0,23430.0,23430.0,23430.0,24520.0,5347827210.0,228247.0,277.0,D,24660.0,23430.0
Abadan.PG,20201003.0,23300.0,23300.0,23300.0,23890.0,24347055400.0,1044938.0,1349.0,D,24520.0,23300.0
Abadan.PG,20201004.0,22700.0,22700.0,22700.0,23700.0,7363267100.0,324373.0,409.0,D,23890.0,22700.0
Abadan.PG,20201005.0,22520.0,22520.0,22520.0,23600.0,3964533400.0,176045.0,280.0,D,23700.0,22520.0
Abadan.PG,20201006.0,22420.0,24780.0,22420.0,23780.0,441608596710.0,18571629.0,133490.0,D,23600.0,24780.0
Abadan.PG,20201007.0,24770.0,24960.0,22700.0,24290.0,525536829680.0,21635592.0,112834.0,D,23780.0,24960.0
Abadan.PG,20201010.0,24300.0,25000.0,23080.0,23900.0,338423533550.0,14158216.0,73240.0,D,24290.0,24230.0
Abadan.PG,20201011.0,23950.0,25080.0,23010.0,24290.0,307561183870.0,12663673.0,62469.0,D,23900.0,23150.0
Abadan.PG,20201012.0,23080.0,23080.0,23080.0,23080.0,69982045080.0,3032151.0,11365.0,D,24290.0,23080.0
Abadan.PG,20201013.0,22100.0,23110.0,21930.0,22040.0,206428647460.0,9365900.0,40016.0,D,23080.0,21940.0
Abadan.PG,20201014.0,21800.0,21870.0,20940.0,21000.0,171664052190.0,8174804.0,35994.0,D,22040.0,20940.0
Abadan.PG,20201018.0,20020.0,20830.0,19950.0,20030.0,108837150790.0,5434089.0,27060.0,D,21000.0,19950.0
Abadan.PG,20201019.0,19030.0,19030.0,19030.0,19600.0,19406051830.0,1019761.0,4279.0,D,20030.0,19030.0
Abadan.PG,20201020.0,18620.0,20580.0,18620.0,19740.0,336523198560.0,17051533.0,52279.0,D,19600.0,20580.0
Abadan.PG,20201021.0,20720.0,20720.0,19000.0,20210.0,271603481920.0,13438821.0,34483.0,D,19740.0,19660.0
Abadan.PG,20201024.0,19200.0,19200.0,19200.0,19990.0,10261017600.0,534428.0,732.0,D,20210.0,19200.0
Abadan.PG,20201026.0,19000.0,19000.0,19000.0,19820.0,8268724000.0,435196.0,260.0,D,19990.0,19000.0
Abadan.PG,20201027.0,18830.0,19590.0,18830.0,18910.0,125575747550.0,6639716.0,24913.0,D,19820.0,19250.0
Abadan.PG,20201028.0,18500.0,19850.0,17970.0,19220.0,292441645480.0,15212188.0,46668.0,D,18910.0,19850.0
Abadan.PG,20201031.0,20000.0,20180.0,18260.0,19520.0,186860102450.0,9570876.0,30752.0,D,19220.0,19460.0
Abadan.PG,20201101.0,19480.0,19480.0,18550.0,18590.0,63080692720.0,3392987.0,5395.0,D,19520.0,18550.0
Abadan.PG,20201102.0,17720.0,18300.0,17670.0,17740.0,100762723810.0,5680979.0,15371.0,D,18590.0,17670.0
Abadan.PG,20201104.0,17250.0,18380.0,17110.0,17810.0,103997681060.0,5839857.0,23827.0,D,17740.0,18100.0
Abadan.PG,20201107.0,16930.0,17810.0,16920.0,17070.0,41732455620.0,2459397.0,4357.0,D,17810.0,16920.0
Abadan.PG,20201108.0,16220.0,16860.0,16220.0,16250.0,60441378090.0,3718859.0,10292.0,D,17070.0,16280.0
Abadan.PG,20201109.0,16200.0,17060.0,15810.0,16650.0,219028202880.0,13154949.0,30623.0,D,16250.0,17060.0
Abadan.PG,20201110.0,17190.0,17200.0,16480.0,16900.0,126619510460.0,7490961.0,22551.0,D,16650.0,17160.0
Abadan.PG,20201111.0,16910.0,17690.0,16610.0,17250.0,125060620680.0,7250594.0,19394.0,D,16900.0,17430.0
Abadan.PG,20201114.0,17730.0,18110.0,17390.0,18070.0,109829523050.0,6079501.0,19496.0,D,17250.0,18110.0
Abadan.PG,20201115.0,18780.0,18780.0,17170.0,17860.0,206064944000.0,11538551.0,20666.0,D,18070.0,17500.0
Abadan.PG,20201116.0,17200.0,18150.0,17000.0,17720.0,96919988100.0,5469915.0,20460.0,D,17860.0,17440.0
Abadan.PG,20201117.0,17200.0,18120.0,17200.0,17650.0,181689324750.0,10292723.0,25540.0,D,17720.0,17700.0
Abadan.PG,20201118.0,17860.0,18530.0,17650.0,18150.0,225367698570.0,12414721.0,32927.0,D,17650.0,18500.0
Abadan.PG,20201121.0,18700.0,18700.0,17250.0,17600.0,190515501090.0,10826051.0,23981.0,D,18150.0,17250.0
Abadan.PG,20201122.0,17020.0,17690.0,16760.0,17170.0,121513497700.0,7077047.0,19283.0,D,17600.0,17020.0
Abadan.PG,20201130.0,18020.0,18020.0,18020.0,18020.0,65176592060.0,3616903.0,14402.0,D,17170.0,18020.0
Abadan.PG,20201201.0,18720.0,18920.0,18020.0,18820.0,417077983700.0,22163910.0,43716.0,D,18020.0,18920.0
Abadan.PG,20201202.0,19050.0,19760.0,18850.0,19660.0,351642586080.0,17889652.0,38323.0,D,18820.0,19760.0
Abadan.PG,20201205.0,19900.0,20640.0,19760.0,20600.0,261491845470.0,12693871.0,23921.0,D,19660.0,20640.0
Abadan.PG,20201206.0,21630.0,21630.0,21160.0,21540.0,477138377940.0,22150894.0,31109.0,D,20600.0,21630.0
Abadan.PG,20201207.0,22050.0,22050.0,20470.0,20840.0,416629027050.0,19994381.0,47257.0,D,21540.0,20470.0
Abadan.PG,20201208.0,19900.0,20910.0,19800.0,20040.0,344924439620.0,17209522.0,67524.0,D,20840.0,19920.0
Abadan.PG,20201209.0,19760.0,21040.0,19760.0,20870.0,353640194530.0,16942960.0,65098.0,D,20040.0,21040.0
Abadan.PG,20201212.0,21360.0,21360.0,20010.0,20920.0,463807821490.0,22171283.0,33736.0,D,20870.0,20380.0
Abadan.PG,20201213.0,20900.0,20900.0,19880.0,20000.0,243132962580.0,12156818.0,20889.0,D,20920.0,19880.0
Abadan.PG,20201214.0,19760.0,19760.0,19000.0,19120.0,201550610340.0,10543539.0,26391.0,D,20000.0,19000.0
Abadan.PG,20201215.0,18170.0,18510.0,18170.0,18180.0,47911505190.0,2635388.0,5641.0,D,19120.0,18170.0
Abadan.PG,20201216.0,17280.0,18210.0,17280.0,17700.0,161528079230.0,9125754.0,21451.0,D,18180.0,18040.0
Abadan.PG,20201219.0,18240.0,18580.0,18110.0,18520.0,153094347650.0,8268657.0,22539.0,D,17700.0,18580.0
Abadan.PG,20201220.0,19080.0,19080.0,17820.0,18320.0,100074528820.0,5462271.0,16411.0,D,18520.0,17960.0
Abadan.PG,20201221.0,17960.0,18900.0,17410.0,18010.0,283067408020.0,15717365.0,18953.0,D,18320.0,17600.0
Abadan.PG,20201222.0,17700.0,18200.0,17110.0,17730.0,369146737780.0,20825957.0,25082.0,D,18010.0,17820.0
Abadan.PG,20201223.0,18100.0,18400.0,17830.0,18160.0,218053671300.0,12009769.0,23293.0,D,17730.0,18200.0
Abadan.PG,20201226.0,18600.0,18670.0,17600.0,18130.0,228672050400.0,12610077.0,26427.0,D,18160.0,18130.0
Abadan.PG,20201227.0,18100.0,18600.0,17730.0,18170.0,166963136550.0,9187412.0,24430.0,D,18130.0,18100.0
Abadan.PG,20201228.0,18100.0,18450.0,17510.0,17860.0,126757791330.0,7096823.0,22648.0,D,18170.0,17710.0
Abadan.PG,20201229.0,17990.0,17990.0,16970.0,17140.0,119942651050.0,6999840.0,17415.0,D,17860.0,17000.0
Abadan.PG,20201230.0,16970.0,17800.0,16520.0,17180.0,158015027270.0,9199599.0,27117.0,D,17140.0,16920.0
Abadan.PG,20210102.0,16900.0,17350.0,16330.0,16610.0,172902791460.0,10411892.0,21220.0,D,17180.0,16330.0
Abadan.PG,20210103.0,16000.0,17440.0,16000.0,17270.0,230037304720.0,13317746.0,30182.0,D,16610.0,17440.0
Abadan.PG,20210104.0,18100.0,18130.0,17770.0,18090.0,125749161180.0,6952714.0,21203.0,D,17270.0,18130.0
Abadan.PG,20210105.0,18950.0,18950.0,17430.0,18090.0,272430106320.0,15060279.0,24994.0,D,18090.0,17870.0
Abadan.PG,20210106.0,17870.0,17870.0,17190.0,17230.0,175815733440.0,10201915.0,21593.0,D,18090.0,17190.0
Abadan.PG,20210109.0,16550.0,17180.0,16390.0,16710.0,93923384450.0,5621271.0,19194.0,D,17230.0,16760.0
Abadan.PG,20210110.0,16430.0,17540.0,16430.0,17310.0,121927591750.0,7042868.0,22595.0,D,16710.0,17540.0
Abadan.PG,20210111.0,17790.0,17790.0,16530.0,17010.0,130852625480.0,7692719.0,15631.0,D,17310.0,16780.0
Abadan.PG,20210112.0,16530.0,17100.0,16160.0,16510.0,166271597620.0,10073132.0,16092.0,D,17010.0,16990.0
Abadan.PG,20210113.0,16820.0,17330.0,15860.0,17090.0,220177515490.0,12884608.0,18706.0,D,16510.0,17330.0
Abadan.PG,20210116.0,16700.0,17580.0,16240.0,16490.0,174767921520.0,10599425.0,15654.0,D,17090.0,16240.0
Abadan.PG,20210118.0,15670.0,16220.0,15670.0,15720.0,99150616240.0,6305645.0,12593.0,D,16490.0,15670.0
Abadan.PG,20210124.0,16500.0,16500.0,16100.0,16470.0,116763775460.0,7090836.0,6678.0,D,15720.0,16500.0
Abadan.PG,20210125.0,16490.0,17290.0,16120.0,17130.0,181502128770.0,10594409.0,16489.0,D,16470.0,17290.0
Abadan.PG,20210126.0,17550.0,17890.0,16400.0,17100.0,193262325810.0,11300521.0,13593.0,D,17130.0,16640.0
Abadan.PG,20210127.0,16410.0,17330.0,16250.0,16790.0,93324365120.0,5557217.0,11187.0,D,17100.0,16600.0
Abadan.PG,20210130.0,16790.0,17480.0,16600.0,17170.0,94512490300.0,5505576.0,15417.0,D,16790.0,17340.0
Abadan.PG,20210131.0,17550.0,17550.0,16320.0,16480.0,159935232290.0,9705742.0,10884.0,D,17170.0,16320.0
Abadan.PG,20210201.0,16010.0,16760.0,15820.0,16170.0,110203793660.0,6815548.0,12622.0,D,16480.0,16130.0
Abadan.PG,20210202.0,16100.0,16110.0,15370.0,15740.0,99561388160.0,6326274.0,12173.0,D,16170.0,15820.0
Abadan.PG,20210203.0,15550.0,16280.0,14960.0,15260.0,105331480590.0,6903793.0,12146.0,D,15740.0,15050.0
Abadan.PG,20210206.0,14580.0,15000.0,14500.0,14520.0,64391545290.0,4434562.0,5744.0,D,15260.0,14500.0
Abadan.PG,20210207.0,14120.0,15240.0,14120.0,15130.0,50064772880.0,3308468.0,9950.0,D,14520.0,15240.0
Abadan.PG,20210208.0,15280.0,15830.0,14380.0,14860.0,73985422580.0,4979901.0,8917.0,D,15130.0,14900.0
Abadan.PG,20210209.0,14370.0,15300.0,14340.0,14860.0,82759274450.0,5568102.0,9771.0,D,14860.0,15040.0
Abadan.PG,20210213.0,15300.0,15750.0,14990.0,15510.0,102666756210.0,6621190.0,13281.0,D,14860.0,15750.0
Abadan.PG,20210214.0,15850.0,16000.0,15200.0,15320.0,77178705680.0,5036188.0,7257.0,D,15510.0,15220.0
Abadan.PG,20210215.0,15050.0,15310.0,15020.0,15050.0,51880758670.0,3446734.0,6897.0,D,15320.0,15020.0
Abadan.PG,20210216.0,14750.0,14900.0,14750.0,14750.0,80472705510.0,5454448.0,4834.0,D,15050.0,14760.0
Abadan.PG,20210217.0,14670.0,15330.0,14500.0,14770.0,51883671720.0,3511751.0,6960.0,D,14750.0,14960.0
Abadan.PG,20210220.0,14600.0,15300.0,14520.0,14730.0,48919385750.0,3322199.0,7850.0,D,14770.0,14610.0
Abadan.PG,20210221.0,14440.0,14500.0,14440.0,14650.0,13934645100.0,964742.0,1401.0,D,14730.0,14440.0
Abadan.PG,20210222.0,14360.0,14360.0,14360.0,14630.0,3433978600.0,239135.0,127.0,D,14650.0,14360.0
Abadan.PG,20210223.0,14340.0,14630.0,14340.0,14470.0,27921562460.0,1945356.0,7052.0,D,14630.0,14340.0
Abadan.PG,20210224.0,14250.0,14650.0,14190.0,14370.0,22674846470.0,1590527.0,6241.0,D,14470.0,14190.0
Abadan.PG,20210227.0,14090.0,14090.0,14090.0,14360.0,1120873590.0,79551.0,96.0,D,14370.0,14090.0
Abadan.PG,20210228.0,14080.0,14080.0,14080.0,14350.0,881548800.0,62610.0,55.0,D,14360.0,14080.0
Abadan.PG,20210301.0,14070.0,14070.0,14070.0,14340.0,1241564940.0,88242.0,148.0,D,14350.0,14070.0
Abadan.PG,20210302.0,14060.0,14070.0,14060.0,14180.0,27544106910.0,1959017.0,7234.0,D,14340.0,14060.0
Abadan.PG,20210303.0,13900.0,15030.0,13900.0,14670.0,159483334010.0,10868578.0,11401.0,D,14180.0,15030.0
Abadan.PG,20210306.0,15340.0,15550.0,14680.0,15400.0,290650142290.0,18869237.0,20691.0,D,14670.0,15550.0
Abadan.PG,20210307.0,15780.0,15800.0,15100.0,15270.0,118221717750.0,7740020.0,3356.0,D,15400.0,15100.0
Abadan.PG,20210308.0,14970.0,14970.0,14970.0,15250.0,3288879060.0,219698.0,114.0,D,15270.0,14970.0
Abadan.PG,20210309.0,14950.0,14950.0,14950.0,15220.0,4526426450.0,302771.0,84.0,D,15250.0,14950.0
Abadan.PG,20210310.0,14920.0,14920.0,14920.0,15210.0,1925411080.0,129049.0,91.0,D,15220.0,14920.0
Abadan.PG,20210313.0,14910.0,14910.0,14910.0,15140.0,10877366850.0,729535.0,165.0,D,15210.0,14910.0
Abadan.PG,20210314.0,14840.0,14840.0,14840.0,15100.0,6279798280.0,423167.0,109.0,D,15140.0,14840.0
Abadan.PG,20210315.0,14800.0,14800.0,14800.0,15090.0,1108179600.0,74877.0,104.0,D,15100.0,14800.0
Abadan.PG,20210316.0,14790.0,15290.0,14790.0,14860.0,224489125460.0,15110919.0,12699.0,D,15090.0,14790.0
Abadan.PG,20210317.0,14600.0,15000.0,14570.0,14610.0,70404922780.0,4817950.0,5294.0,D,14860.0,14570.0
Abadan.PG,20210327.0,14400.0,14610.0,14320.0,14340.0,52608358930.0,3667833.0,6840.0,D,14610.0,14360.0
Abadan.PG,20210328.0,14160.0,14570.0,14090.0,14300.0,38694907270.0,2709096.0,6787.0,D,14340.0,14350.0
Abadan.PG,20210330.0,14350.0,14460.0,14130.0,14290.0,30994613010.0,2170996.0,5993.0,D,14300.0,14180.0
Abadan.PG,20210331.0,14060.0,14250.0,14010.0,14040.0,53682598420.0,3823392.0,4558.0,D,14290.0,14010.0
Abadan.PG,20210403.0,13870.0,14230.0,13760.0,13900.0,35319878360.0,2551748.0,4538.0,D,14040.0,13760.0
Abadan.PG,20210404.0,13630.0,13630.0,13630.0,13890.0,2659880870.0,195149.0,135.0,D,13900.0,13630.0
Abadan.PG,20210405.0,13620.0,13880.0,13620.0,13780.0,20457584360.0,1501670.0,4027.0,D,13890.0,13620.0
Abadan.PG,20210406.0,13550.0,13850.0,13510.0,13730.0,11698149890.0,863131.0,2240.0,D,13780.0,13510.0
Abadan.PG,20210407.0,13460.0,13500.0,13460.0,13700.0,5453695560.0,405157.0,1400.0,D,13730.0,13460.0
Abadan.PG,20210410.0,13430.0,14200.0,13430.0,13830.0,145050715080.0,10487012.0,9256.0,D,13700.0,13980.0
Abadan.PG,20210411.0,13980.0,14150.0,13560.0,13720.0,67313391210.0,4907855.0,3975.0,D,13830.0,13560.0
Abadan.PG,20210412.0,13450.0,13450.0,13450.0,13710.0,2598217200.0,193176.0,124.0,D,13720.0,13450.0
Abadan.PG,20210413.0,13440.0,13710.0,13440.0,13520.0,37237959060.0,2766292.0,4492.0,D,13710.0,13440.0
Abadan.PG,20210414.0,13250.0,13300.0,13250.0,13480.0,7158305530.0,540226.0,789.0,D,13520.0,13250.0
Abadan.PG,20210417.0,13220.0,13220.0,13220.0,13470.0,2279458500.0,172425.0,135.0,D,13480.0,13220.0
Abadan.PG,20210418.0,13210.0,13210.0,13210.0,13470.0,304173460.0,23026.0,25.0,D,13470.0,13210.0
Abadan.PG,20210419.0,13210.0,13250.0,13210.0,13280.0,35579543910.0,2693362.0,2663.0,D,13470.0,13210.0
Abadan.PG,20210420.0,13030.0,13280.0,13020.0,13060.0,43813467120.0,3361513.0,4719.0,D,13280.0,13060.0
Abadan.PG,20210421.0,12690.0,13120.0,12670.0,12930.0,34446317440.0,2675078.0,3357.0,D,13060.0,12670.0
Abadan.PG,20210424.0,12550.0,12550.0,12550.0,12920.0,1194609400.0,95188.0,93.0,D,12930.0,12550.0
Abadan.PG,20210425.0,12540.0,12540.0,12540.0,12920.0,453458940.0,36161.0,31.0,D,12920.0,12540.0
Abadan.PG,20210426.0,12540.0,12540.0,12540.0,12910.0,939985860.0,74959.0,94.0,D,12920.0,12540.0
Abadan.PG,20210427.0,12530.0,12770.0,12530.0,12690.0,31991991230.0,2543829.0,4274.0,D,12910.0,12530.0
Abadan.PG,20210428.0,12320.0,12400.0,12310.0,12620.0,9043252300.0,734051.0,1557.0,D,12690.0,12310.0
Abadan.PG,20210501.0,12250.0,12300.0,12250.0,12580.0,5459991100.0,445709.0,658.0,D,12620.0,12250.0
Abadan.PG,20210502.0,12210.0,12210.0,12210.0,12580.0,167484570.0,13717.0,22.0,D,12580.0,12210.0
Abadan.PG,20210503.0,12210.0,12210.0,12210.0,12580.0,202881360.0,16616.0,29.0,D,12580.0,12210.0
Abadan.PG,20210505.0,12210.0,12210.0,12210.0,12580.0,439047180.0,35958.0,25.0,D,12580.0,12210.0
Abadan.PG,20210508.0,12210.0,12210.0,12210.0,12570.0,789889320.0,64692.0,59.0,D,12580.0,12210.0
Abadan.PG,20210509.0,12200.0,12200.0,12200.0,12570.0,98039200.0,8036.0,10.0,D,12570.0,12200.0
Abadan.PG,20210510.0,12200.0,12200.0,12200.0,12560.0,1892000400.0,155082.0,114.0,D,12570.0,12200.0
Abadan.PG,20210511.0,12190.0,12490.0,12190.0,12270.0,40905493740.0,3350075.0,7082.0,D,12560.0,12190.0
Abadan.PG,20210512.0,11920.0,12250.0,11910.0,12040.0,32088677120.0,2689483.0,4762.0,D,12270.0,11910.0
Abadan.PG,20210515.0,11600.0,11980.0,11440.0,11500.0,15775592350.0,1371889.0,2484.0,D,12040.0,11440.0
Abadan.PG,20210516.0,10930.0,11200.0,10930.0,10940.0,18899410690.0,1726845.0,2722.0,D,11500.0,10930.0
Abadan.PG,20210517.0,10440.0,10870.0,10400.0,10420.0,13131443900.0,1259817.0,2021.0,D,10940.0,10400.0
Abadan.PG,20210518.0,9900.0,9900.0,9900.0,10170.0,5837198400.0,589616.0,440.0,D,10420.0,9900.0
Abadan.PG,20210519.0,9670.0,9820.0,9670.0,9670.0,31715827250.0,3279087.0,3916.0,D,10170.0,9670.0
Abadan.PG,20210522.0,9250.0,9480.0,9190.0,9370.0,9614476440.0,1042415.0,1703.0,D,9670.0,9190.0
Abadan.PG,20210523.0,8910.0,9290.0,8910.0,9000.0,24176194860.0,2685470.0,3645.0,D,9370.0,8910.0
Abadan.PG,20210524.0,8570.0,8860.0,8550.0,8620.0,16124159750.0,1871373.0,4694.0,D,9000.0,8560.0
Abadan.PG,20210525.0,8310.0,9050.0,8310.0,8960.0,19639331090.0,2190777.0,8392.0,D,8620.0,9050.0
Abadan.PG,20210526.0,9360.0,9400.0,9050.0,9380.0,33851878810.0,3608441.0,10010.0,D,8960.0,9400.0
Abadan.PG,20210529.0,9790.0,9840.0,9540.0,9810.0,14970387670.0,1523345.0,4513.0,D,9380.0,9840.0
Abadan.PG,20210530.0,10300.0,10300.0,9910.0,10230.0,49501777290.0,4838246.0,5639.0,D,9810.0,10170.0
Abadan.PG,20210531.0,9760.0,10370.0,9720.0,9990.0,14760841690.0,1479903.0,2719.0,D,10230.0,9720.0
Abadan.PG,20210601.0,9790.0,9790.0,9510.0,9970.0,1187791520.0,121364.0,106.0,D,9990.0,9540.0
Abadan.PG,20210602.0,10710.0,11090.0,10330.0,10690.0,49872255360.0,4664462.0,4487.0,D,9970.0,10930.0
Abadan.PG,20210607.0,11050.0,11100.0,10420.0,10780.0,23486085380.0,2178150.0,5711.0,D,10690.0,10750.0
Abadan.PG,20210608.0,10540.0,11220.0,10540.0,10870.0,25908725260.0,2382988.0,4590.0,D,10780.0,10850.0
Abadan.PG,20210609.0,10630.0,10630.0,10330.0,10370.0,27120239260.0,2614016.0,3300.0,D,10870.0,10350.0
Abadan.PG,20210615.0,10000.0,10250.0,9500.0,9800.0,6254715840.0,639180.0,1905.0,D,9810.0,9560.0
Abadan.PG,20210616.0,9540.0,9680.0,9310.0,9390.0,13425277930.0,1430941.0,5620.0,D,9800.0,9350.0
Abadan.PG,20210619.0,8930.0,9680.0,8930.0,9300.0,9965571910.0,1075952.0,3062.0,D,9390.0,9500.0
Abadan.PG,20210620.0,9740.0,9760.0,9380.0,9600.0,15443950810.0,1608307.0,3208.0,D,9300.0,9640.0
Abadan.PG,20210621.0,9490.0,10080.0,9490.0,10020.0,27332327610.0,2728432.0,3554.0,D,9600.0,10080.0
Abadan.PG,20210622.0,10290.0,10520.0,9950.0,10440.0,22392065430.0,2144254.0,3452.0,D,10020.0,10520.0
Abadan.PG,20210623.0,10930.0,10960.0,10540.0,10950.0,22345273930.0,2040446.0,3117.0,D,10440.0,10960.0
Abadan.PG,20210626.0,11460.0,11490.0,11020.0,11460.0,47328070340.0,4130373.0,3982.0,D,10950.0,11490.0
Abadan.PG,20210627.0,11450.0,12030.0,11450.0,11940.0,53517904260.0,4480427.0,4970.0,D,11460.0,12030.0
Abadan.PG,20210628.0,12380.0,12380.0,11610.0,12060.0,36424612930.0,3019684.0,4708.0,D,11940.0,11730.0
Abadan.PG,20210629.0,11470.0,11970.0,11460.0,11490.0,65875563930.0,5731605.0,3483.0,D,12060.0,11460.0
Abadan.PG,20210630.0,11140.0,11400.0,10920.0,10970.0,59978662630.0,5467018.0,4752.0,D,11490.0,11000.0
Abadan.PG,20210703.0,10890.0,11510.0,10890.0,11490.0,111383305330.0,9695193.0,5665.0,D,10970.0,11510.0
Abadan.PG,20210704.0,11690.0,11900.0,11030.0,11540.0,37302341810.0,3233760.0,4338.0,D,11490.0,11260.0
Abadan.PG,20210705.0,11260.0,11700.0,11000.0,11180.0,57920928500.0,5180078.0,4501.0,D,11540.0,11240.0
Abadan.PG,20210706.0,11170.0,11700.0,11170.0,11460.0,42472222370.0,3706787.0,4797.0,D,11180.0,11700.0
Abadan.PG,20210707.0,11800.0,12030.0,11800.0,12010.0,26334559740.0,2193368.0,3037.0,D,11460.0,12030.0
Abadan.PG,20210710.0,12610.0,12610.0,12400.0,12610.0,123936765530.0,9831728.0,4534.0,D,12010.0,12610.0
Abadan.PG,20210711.0,12820.0,12950.0,12000.0,12600.0,96867091460.0,7689561.0,6153.0,D,12610.0,12380.0
Abadan.PG,20210712.0,12280.0,12600.0,12000.0,12230.0,49203601610.0,4023355.0,5941.0,D,12600.0,12070.0
Abadan.PG,20210713.0,11750.0,12840.0,11750.0,12770.0,191696589530.0,15009489.0,7859.0,D,12230.0,12840.0
Abadan.PG,20210714.0,12880.0,13150.0,12580.0,12950.0,105921187180.0,8180872.0,8714.0,D,12770.0,13100.0
Abadan.PG,20210717.0,12660.0,13590.0,12600.0,13480.0,195445542890.0,14496810.0,7489.0,D,12950.0,13240.0
Abadan.PG,20210718.0,13220.0,13830.0,12810.0,13210.0,75480336240.0,5714202.0,4926.0,D,13480.0,12960.0
Abadan.PG,20210719.0,13000.0,13870.0,12900.0,13650.0,94637898630.0,6931392.0,6135.0,D,13210.0,13430.0
Abadan.PG,20210726.0,13460.0,14000.0,12970.0,13150.0,53167531510.0,4043192.0,5317.0,D,13650.0,12980.0
Abadan.PG,20210727.0,12810.0,13750.0,12570.0,13410.0,56076403840.0,4182814.0,4764.0,D,13150.0,13120.0
Abadan.PG,20210728.0,12980.0,13550.0,12830.0,13150.0,41090655020.0,3125597.0,5838.0,D,13410.0,13050.0
Abadan.PG,20210731.0,13010.0,13590.0,12600.0,13150.0,62083539170.0,4719615.0,4951.0,D,13150.0,13170.0
Abadan.PG,20210801.0,13000.0,13500.0,12880.0,13170.0,29131000220.0,2211854.0,4457.0,D,13150.0,12990.0
Abadan.PG,20210802.0,13000.0,13300.0,12520.0,12590.0,54375618140.0,4320092.0,3592.0,D,13170.0,12520.0
Abadan.PG,20210803.0,12300.0,12740.0,11970.0,12100.0,41866722200.0,3458921.0,4202.0,D,12590.0,12110.0
Abadan.PG,20210804.0,12400.0,12550.0,11910.0,12150.0,33977739000.0,2796197.0,4352.0,D,12100.0,12250.0
Abadan.PG,20210807.0,12050.0,12240.0,11580.0,11870.0,31301349560.0,2636859.0,4423.0,D,12150.0,11800.0
Abadan.PG,20210808.0,11310.0,12220.0,11310.0,12010.0,31790075560.0,2647636.0,4124.0,D,11870.0,12030.0
Abadan.PG,20210809.0,11750.0,12390.0,11750.0,12200.0,34774625560.0,2850393.0,4792.0,D,12010.0,12280.0
Abadan.PG,20210810.0,12400.0,12400.0,11910.0,12050.0,36959426190.0,3067438.0,5537.0,D,12200.0,12000.0
Abadan.PG,20210811.0,12060.0,12300.0,11920.0,12070.0,53770818080.0,4456294.0,7993.0,D,12050.0,12070.0
Abadan.PG,20210814.0,12050.0,12290.0,11660.0,11830.0,32944757630.0,2785762.0,5367.0,D,12070.0,11870.0
Abadan.PG,20210815.0,12010.0,12010.0,11610.0,11770.0,24420992360.0,2075068.0,3206.0,D,11830.0,11880.0
Abadan.PG,20210822.0,12250.0,12250.0,11960.0,12080.0,40895650660.0,3386315.0,4240.0,D,11770.0,12080.0
Abadan.PG,20210823.0,12100.0,12680.0,12020.0,12460.0,72043231960.0,5782601.0,5861.0,D,12080.0,12680.0
Abadan.PG,20210824.0,12900.0,13080.0,12610.0,13060.0,32261347890.0,2470441.0,4304.0,D,12460.0,13080.0
Abadan.PG,20210825.0,13710.0,13710.0,13080.0,13590.0,103000955750.0,7580067.0,6375.0,D,13060.0,13710.0
Abadan.PG,20210828.0,14100.0,14260.0,13800.0,14200.0,134130014540.0,9442797.0,8205.0,D,13590.0,14190.0
Abadan.PG,20210829.0,14200.0,14400.0,13490.0,13690.0,81159064490.0,5926394.0,6383.0,D,14200.0,13490.0
Abadan.PG,20210830.0,13010.0,13300.0,13010.0,13020.0,34566464130.0,2655081.0,1760.0,D,13690.0,13010.0
Abadan.PG,20210831.0,12370.0,12940.0,12370.0,12470.0,36825464610.0,2954028.0,4191.0,D,13020.0,12370.0
Abadan.PG,20210901.0,12100.0,13090.0,11900.0,12760.0,111104585460.0,8705199.0,5953.0,D,12470.0,13090.0
Abadan.PG,20210904.0,13380.0,13390.0,13080.0,13360.0,100479754780.0,7520011.0,6834.0,D,12760.0,13390.0
Abadan.PG,20210905.0,13850.0,14020.0,13000.0,13920.0,126132951900.0,9061535.0,6605.0,D,13360.0,14020.0
Abadan.PG,20210906.0,14380.0,14610.0,14070.0,14460.0,141250259630.0,9765233.0,19589.0,D,13920.0,14320.0
Abadan.PG,20210907.0,14210.0,14960.0,13790.0,14610.0,111588663550.0,7639607.0,20481.0,D,14460.0,14510.0
Abadan.PG,20210908.0,14610.0,15340.0,14600.0,15170.0,166805965350.0,10995787.0,33662.0,D,14610.0,15340.0
Abadan.PG,20210911.0,15480.0,15830.0,14980.0,15270.0,92693546550.0,6071391.0,7938.0,D,15170.0,15340.0
Abadan.PG,20210912.0,15790.0,16030.0,14610.0,15690.0,148636648260.0,9472732.0,11693.0,D,15270.0,15920.0
Abadan.PG,20210913.0,16030.0,16390.0,15700.0,16100.0,120341185860.0,7472933.0,18078.0,D,15690.0,16160.0
Abadan.PG,20210914.0,16290.0,16510.0,15300.0,16150.0,145950847390.0,9037044.0,26405.0,D,16100.0,16150.0
Abadan.PG,20210915.0,16500.0,16950.0,16200.0,16790.0,174542961250.0,10394751.0,36134.0,D,16150.0,16950.0
Abadan.PG,20210919.0,15960.0,15960.0,15960.0,16590.0,3854866680.0,241533.0,131.0,D,16790.0,15960.0
Abadan.PG,20210920.0,15770.0,15770.0,15770.0,16410.0,3399333890.0,215557.0,112.0,D,16590.0,15770.0
Abadan.PG,20210921.0,15590.0,15590.0,15590.0,16310.0,1968564890.0,126271.0,51.0,D,16410.0,15590.0
Abadan.PG,20210922.0,15500.0,15500.0,15500.0,15500.0,24945188500.0,1609367.0,144.0,D,16310.0,15500.0
Abadan.PG,20210925.0,14860.0,15450.0,14730.0,14820.0,219913032750.0,14835259.0,9006.0,D,15500.0,15000.0
Abadan.PG,20210926.0,14850.0,15060.0,14080.0,14610.0,163128343520.0,11167532.0,8439.0,D,14820.0,14190.0
Abadan.PG,20210928.0,14630.0,14930.0,13880.0,14010.0,145222048310.0,10366878.0,7572.0,D,14610.0,13880.0
Abadan.PG,20210929.0,14150.0,14350.0,13410.0,14030.0,65320260850.0,4657174.0,5817.0,D,14010.0,13890.0
Abadan.PG,20211002.0,14000.0,14500.0,13620.0,14010.0,83273880430.0,5944017.0,6362.0,D,14030.0,14140.0
Abadan.PG,20211003.0,14000.0,14710.0,14000.0,14620.0,108539146020.0,7425387.0,4891.0,D,14010.0,14710.0
Abadan.PG,20211004.0,15150.0,15190.0,14710.0,15000.0,67127565060.0,4475502.0,5145.0,D,14620.0,14860.0
Abadan.PG,20211006.0,15000.0,15340.0,14410.0,15070.0,43508813790.0,2887402.0,5467.0,D,15000.0,15190.0
Abadan.PG,20211009.0,15200.0,15820.0,14640.0,15230.0,68041553780.0,4466243.0,4793.0,D,15070.0,14820.0
Abadan.PG,20211010.0,15240.0,15500.0,14510.0,15290.0,49478350840.0,3235325.0,4852.0,D,15230.0,15270.0
Abadan.PG,20211011.0,15320.0,15750.0,14700.0,15530.0,44521530930.0,2867216.0,5202.0,D,15290.0,15640.0
Abadan.PG,20211012.0,15900.0,15900.0,14760.0,15090.0,51588490570.0,3418872.0,3624.0,D,15530.0,15110.0
Abadan.PG,20211013.0,15130.0,15200.0,14340.0,14570.0,43966397040.0,3017289.0,2934.0,D,15090.0,14570.0
Abadan.PG,20211016.0,14730.0,15290.0,14700.0,15240.0,30448702450.0,1997437.0,4395.0,D,14570.0,15290.0
Abadan.PG,20211017.0,15300.0,15760.0,15010.0,15470.0,50512346460.0,3265765.0,5006.0,D,15240.0,15390.0
Abadan.PG,20211018.0,15490.0,15590.0,14950.0,15360.0,38740756280.0,2521778.0,3278.0,D,15470.0,15250.0
Abadan.PG,20211019.0,15400.0,15770.0,15010.0,15600.0,40803439750.0,2615324.0,4962.0,D,15360.0,15610.0
Abadan.PG,20211020.0,15610.0,15820.0,15400.0,15630.0,31158357190.0,1993574.0,3728.0,D,15600.0,15650.0
Abadan.PG,20211023.0,15650.0,15740.0,15060.0,15440.0,19905372240.0,1288949.0,2888.0,D,15630.0,15460.0
Abadan.PG,20211025.0,15570.0,15570.0,14780.0,15260.0,26354256520.0,1726610.0,3241.0,D,15440.0,15200.0
Abadan.PG,20211026.0,15260.0,15400.0,14800.0,15190.0,39185952300.0,2580301.0,2928.0,D,15260.0,15150.0
Abadan.PG,20211027.0,15250.0,15400.0,14810.0,15220.0,37823368920.0,2484892.0,3526.0,D,15190.0,15250.0
Abadan.PG,20211030.0,15300.0,15390.0,14630.0,15080.0,33672305280.0,2232770.0,5078.0,D,15220.0,15020.0
Abadan.PG,20211031.0,15080.0,15100.0,14330.0,14640.0,31337732450.0,2139886.0,2234.0,D,15080.0,14330.0
Abadan.PG,20211101.0,14640.0,14870.0,14020.0,14590.0,32832797280.0,2250922.0,3765.0,D,14640.0,14460.0
Abadan.PG,20211102.0,14600.0,14730.0,14060.0,14510.0,33154829810.0,2284217.0,3264.0,D,14590.0,14610.0
Abadan.PG,20211103.0,14610.0,14610.0,14170.0,14410.0,26405342960.0,1832378.0,2759.0,D,14510.0,14600.0
Abadan.PG,20211106.0,14500.0,14820.0,14410.0,14670.0,37129067460.0,2530701.0,3171.0,D,14410.0,14460.0
Abadan.PG,20211107.0,14670.0,14670.0,13940.0,14090.0,55047560120.0,3908187.0,2267.0,D,14670.0,13940.0
Abadan.PG,20211108.0,14000.0,14270.0,13510.0,13920.0,27459042410.0,1972654.0,2651.0,D,14090.0,13710.0
Abadan.PG,20211109.0,13900.0,14270.0,13460.0,13740.0,19271526320.0,1402319.0,2971.0,D,13920.0,13820.0
Abadan.PG,20211110.0,13820.0,14000.0,13510.0,13760.0,13757740670.0,999639.0,2740.0,D,13740.0,13800.0
Abadan.PG,20211113.0,13760.0,13760.0,13160.0,13470.0,12518400890.0,933057.0,2470.0,D,13760.0,13190.0
Abadan.PG,20211114.0,13500.0,13700.0,13050.0,13320.0,10605650760.0,799344.0,2602.0,D,13470.0,13110.0
Abadan.PG,20211115.0,13350.0,13440.0,12660.0,12920.0,11778871610.0,917114.0,1825.0,D,13320.0,12660.0
Abadan.PG,20211116.0,12930.0,12930.0,12280.0,12400.0,59802432380.0,4822363.0,2640.0,D,12920.0,12540.0
Abadan.PG,20211117.0,12670.0,12870.0,12320.0,12540.0,26017542960.0,2074558.0,3611.0,D,12400.0,12480.0
Abadan.PG,20211120.0,12310.0,13160.0,12100.0,13000.0,54863347340.0,4220989.0,3856.0,D,12540.0,13160.0
Abadan.PG,20211121.0,13170.0,13400.0,12600.0,12910.0,19155357230.0,1483810.0,2566.0,D,13000.0,12970.0
Abadan.PG,20211122.0,12670.0,13000.0,12560.0,12800.0,15396123030.0,1202805.0,2511.0,D,12910.0,12920.0
Abadan.PG,20211123.0,12510.0,12850.0,12510.0,12700.0,8163443340.0,646664.0,2569.0,D,12800.0,12570.0
Abadan.PG,20211124.0,12500.0,12700.0,12070.0,12130.0,18071714420.0,1490431.0,1905.0,D,12700.0,12070.0
Abadan.PG,20211127.0,11870.0,11870.0,11530.0,11750.0,9570202050.0,827386.0,1763.0,D,12130.0,11530.0
Abadan.PG,20211128.0,11180.0,11790.0,11170.0,11510.0,7611779360.0,673573.0,2056.0,D,11750.0,11400.0
Abadan.PG,20211129.0,11590.0,11590.0,10940.0,11140.0,11206666020.0,1013197.0,2047.0,D,11510.0,11100.0
Abadan.PG,20211130.0,10940.0,11140.0,10670.0,11000.0,6255534180.0,577384.0,1725.0,D,11140.0,10690.0
Abadan.PG,20211201.0,10650.0,10700.0,10450.0,10520.0,11663252880.0,1114579.0,1291.0,D,11000.0,10450.0
Abadan.PG,20211205.0,10000.0,10990.0,10000.0,10630.0,7136940870.0,663616.0,1477.0,D,10520.0,10900.0
Abadan.PG,20211206.0,10910.0,10910.0,10100.0,10520.0,11264979570.0,1074383.0,1948.0,D,10630.0,10280.0
Abadan.PG,20211207.0,10010.0,10270.0,10000.0,10170.0,10179451170.0,1015014.0,1562.0,D,10520.0,10000.0
Abadan.PG,20211208.0,9820.0,10180.0,9690.0,10040.0,9995615400.0,1001627.0,1902.0,D,10170.0,9900.0
Abadan.PG,20211211.0,9900.0,10040.0,9540.0,9690.0,12038083810.0,1251048.0,1818.0,D,10040.0,9560.0
Abadan.PG,20211212.0,9600.0,9600.0,9210.0,9450.0,7517579870.0,813380.0,1087.0,D,9690.0,9210.0
Abadan.PG,20211213.0,9010.0,9340.0,8980.0,9300.0,5378807470.0,592797.0,1435.0,D,9450.0,8990.0
Abadan.PG,20211214.0,8980.0,9000.0,8840.0,8850.0,16752938420.0,1892656.0,1301.0,D,9300.0,8840.0
Abadan.PG,20211215.0,8520.0,8840.0,8510.0,8770.0,5516996880.0,636059.0,1291.0,D,8850.0,8780.0
Abadan.PG,20211218.0,8510.0,9200.0,8510.0,8980.0,9810364940.0,1077458.0,2013.0,D,8770.0,9200.0
Abadan.PG,20211219.0,9410.0,9420.0,9210.0,9420.0,22662850280.0,2407091.0,1950.0,D,8980.0,9420.0
Abadan.PG,20211220.0,9550.0,9550.0,9020.0,9330.0,10593315490.0,1140106.0,1385.0,D,9420.0,9280.0
Abadan.PG,20211221.0,9120.0,9650.0,9120.0,9370.0,10004379760.0,1064332.0,1196.0,D,9330.0,9430.0
Abadan.PG,20211222.0,9680.0,9830.0,9460.0,9660.0,11151940480.0,1137949.0,1372.0,D,9370.0,9830.0
Abadan.PG,20211225.0,10050.0,10140.0,9660.0,9870.0,10633834820.0,1066605.0,1655.0,D,9660.0,9780.0
Abadan.PG,20211226.0,9900.0,9900.0,9450.0,9710.0,12049319590.0,1245353.0,1311.0,D,9870.0,9760.0
Abadan.PG,20211227.0,9500.0,10040.0,9500.0,9850.0,14746628080.0,1495892.0,2716.0,D,9710.0,9850.0
Abadan.PG,20211228.0,9900.0,10340.0,9560.0,10200.0,21172254650.0,2075999.0,1953.0,D,9850.0,10300.0
Abadan.PG,20211229.0,10330.0,10590.0,10080.0,10240.0,12392706060.0,1209552.0,1655.0,D,10200.0,10220.0
Abadan.PG,20220101.0,10060.0,10230.0,9950.0,10150.0,5862096730.0,584691.0,1247.0,D,10240.0,10010.0
Abadan.PG,20220102.0,9850.0,10260.0,9850.0,10150.0,7118336180.0,701165.0,1366.0,D,10150.0,10110.0
Abadan.PG,20220103.0,9910.0,10290.0,9870.0,10080.0,6313158670.0,632097.0,1205.0,D,10150.0,9930.0
Abadan.PG,20220104.0,9860.0,10000.0,9850.0,9990.0,7815028760.0,789031.0,1236.0,D,10080.0,9860.0
Abadan.PG,20220109.0,9990.0,9990.0,9500.0,9930.0,2286555530.0,237697.0,584.0,D,9990.0,9550.0
Abadan.PG,20220110.0,9510.0,9700.0,9440.0,9640.0,8989786570.0,949253.0,1529.0,D,9930.0,9460.0
Abadan.PG,20220111.0,9440.0,9730.0,9280.0,9550.0,6504448190.0,688049.0,1352.0,D,9640.0,9420.0
Abadan.PG,20220112.0,9310.0,9540.0,9300.0,9490.0,4787636940.0,510799.0,1274.0,D,9550.0,9300.0
Abadan.PG,20220115.0,9300.0,9300.0,9020.0,9380.0,4305106520.0,471854.0,1507.0,D,9490.0,9150.0
Abadan.PG,20220116.0,8960.0,9120.0,8960.0,9250.0,5792148090.0,639747.0,1240.0,D,9380.0,9020.0
Abadan.PG,20220117.0,8930.0,9250.0,8900.0,9180.0,4011238870.0,445721.0,1271.0,D,9250.0,8970.0
Abadan.PG,20220118.0,8790.0,9000.0,8730.0,8940.0,7785680090.0,889240.0,840.0,D,9180.0,8730.0
Abadan.PG,20220119.0,8510.0,9020.0,8510.0,8890.0,4023937050.0,458579.0,1063.0,D,8940.0,8900.0
Abadan.PG,20220122.0,9290.0,9330.0,8840.0,8940.0,5996496870.0,664804.0,1429.0,D,8890.0,8870.0
Abadan.PG,20220123.0,8610.0,8710.0,8510.0,8860.0,3132834740.0,365515.0,954.0,D,8940.0,8600.0
Abadan.PG,20220124.0,8520.0,8940.0,8520.0,8810.0,2742790520.0,318296.0,1120.0,D,8860.0,8690.0
Abadan.PG,20220125.0,8810.0,9000.0,8420.0,8750.0,4029694380.0,468896.0,979.0,D,8810.0,8620.0
Abadan.PG,20220126.0,8710.0,8990.0,8410.0,8750.0,2765377010.0,315453.0,999.0,D,8750.0,8830.0
Abadan.PG,20220129.0,8750.0,9180.0,8750.0,8880.0,6703411040.0,740679.0,1280.0,D,8750.0,9070.0
Abadan.PG,20220130.0,9010.0,9230.0,8700.0,8920.0,6217851940.0,692801.0,1268.0,D,8880.0,8820.0
Abadan.PG,20220131.0,8920.0,9000.0,8700.0,8910.0,6538130740.0,735074.0,1151.0,D,8920.0,8880.0
Abadan.PG,20220201.0,8930.0,9150.0,8820.0,8920.0,5952682350.0,666642.0,1274.0,D,8910.0,8900.0
Abadan.PG,20220202.0,8900.0,8910.0,8690.0,8890.0,2778594050.0,317133.0,1124.0,D,8920.0,8730.0
Abadan.PG,20220205.0,8690.0,9180.0,8690.0,8860.0,8900265790.0,1006143.0,1498.0,D,8890.0,8810.0
Abadan.PG,20220206.0,8690.0,8700.0,8550.0,8790.0,3666632190.0,426634.0,1078.0,D,8860.0,8590.0
Abadan.PG,20220207.0,8520.0,8730.0,8510.0,8750.0,3451646450.0,400649.0,1122.0,D,8790.0,8550.0
Abadan.PG,20220208.0,8470.0,8900.0,8470.0,8750.0,5089196870.0,581014.0,1141.0,D,8750.0,8640.0
Abadan.PG,20220209.0,8880.0,8880.0,8330.0,8680.0,5912217390.0,689142.0,3076.0,D,8750.0,8600.0
Abadan.PG,20220212.0,8370.0,8710.0,8370.0,8630.0,6214855620.0,725340.0,1422.0,D,8680.0,8510.0
Abadan.PG,20220213.0,8400.0,8710.0,8350.0,8600.0,2680096750.0,316778.0,1128.0,D,8630.0,8400.0
Abadan.PG,20220214.0,8330.0,8630.0,8330.0,8570.0,3251012240.0,383139.0,1056.0,D,8600.0,8440.0
Abadan.PG,20220216.0,8430.0,8590.0,8280.0,8530.0,3276568580.0,390226.0,1194.0,D,8570.0,8300.0
Abadan.PG,20220219.0,8270.0,8450.0,8180.0,8410.0,6762358380.0,817041.0,1442.0,D,8530.0,8200.0
Abadan.PG,20220220.0,8140.0,8290.0,8100.0,8350.0,3302276580.0,404311.0,1172.0,D,8410.0,8180.0
Abadan.PG,20220221.0,8020.0,8760.0,8020.0,8670.0,32732557520.0,3773322.0,1980.0,D,8350.0,8760.0
Abadan.PG,20220222.0,9070.0,9100.0,8780.0,9060.0,54186380820.0,5978520.0,1989.0,D,8670.0,9100.0
Abadan.PG,20220223.0,9110.0,9280.0,8940.0,9090.0,22364789800.0,2460290.0,2102.0,D,9060.0,9100.0
Abadan.PG,20220226.0,8730.0,9120.0,8720.0,9070.0,9445839110.0,1042561.0,1781.0,D,9090.0,9080.0
Abadan.PG,20220227.0,8820.0,9220.0,8820.0,9070.0,9582197650.0,1056907.0,1212.0,D,9070.0,9140.0
Abadan.PG,20220228.0,8830.0,9280.0,8830.0,9080.0,9573662240.0,1054264.0,1148.0,D,9070.0,8970.0
Abadan.PG,20220302.0,9200.0,9200.0,8800.0,9080.0,6440079280.0,709224.0,1273.0,D,9080.0,9070.0
Abadan.PG,20220305.0,8870.0,9330.0,8870.0,9080.0,4851929920.0,534088.0,1621.0,D,9080.0,8990.0
Abadan.PG,20220306.0,8890.0,9150.0,8870.0,8990.0,8094630960.0,907245.0,2361.0,D,9080.0,9020.0
Abadan.PG,20220307.0,8880.0,9100.0,8880.0,8990.0,11312812110.0,1257992.0,1727.0,D,8990.0,8930.0
Abadan.PG,20220308.0,8800.0,9020.0,8760.0,8980.0,2632335820.0,294772.0,1108.0,D,8990.0,8900.0
Abadan.PG,20220309.0,8810.0,9060.0,8800.0,8940.0,7989745910.0,896993.0,1396.0,D,8980.0,8930.0
Abadan.PG,20220312.0,8690.0,9010.0,8660.0,8900.0,6427795850.0,725991.0,1244.0,D,8940.0,8680.0
Abadan.PG,20220313.0,8640.0,9000.0,8560.0,8780.0,13834213590.0,1577294.0,1465.0,D,8900.0,8970.0
Abadan.PG,20220314.0,8990.0,9160.0,8790.0,9010.0,14094999570.0,1562041.0,1540.0,D,8780.0,9100.0
Abadan.PG,20220315.0,8900.0,9190.0,8720.0,8940.0,7898845960.0,889250.0,1084.0,D,9010.0,8900.0
Abadan.PG,20220316.0,8740.0,9380.0,8740.0,9340.0,44144163120.0,4724271.0,1459.0,D,8940.0,9380.0
Abadan.PG,20220319.0,9800.0,9800.0,9700.0,9800.0,31191261080.0,3182800.0,1207.0,D,9340.0,9800.0
Abadan.PG,20220326.0,10290.0,10290.0,10180.0,10290.0,37551887070.0,3650319.0,1528.0,D,9800.0,10290.0
Abadan.PG,20220327.0,10800.0,10800.0,10650.0,10800.0,30633807980.0,2836623.0,1196.0,D,10290.0,10800.0
Abadan.PG,20220328.0,11340.0,11340.0,11340.0,11340.0,20674600380.0,1823157.0,769.0,D,10800.0,11340.0
Abadan.PG,20220329.0,11900.0,11900.0,11010.0,11690.0,128571980630.0,10999381.0,4044.0,D,11340.0,11700.0
Abadan.PG,20220330.0,11700.0,11940.0,11110.0,11320.0,118210119220.0,10438510.0,3585.0,D,11690.0,11180.0
Abadan.PG,20220403.0,11000.0,11500.0,10900.0,11150.0,53911329990.0,4837156.0,2669.0,D,11320.0,11040.0
Abadan.PG,20220404.0,11040.0,11430.0,10600.0,10830.0,43590896360.0,4024467.0,2316.0,D,11150.0,10690.0
Abadan.PG,20220405.0,10820.0,11000.0,10400.0,10740.0,25977480950.0,2419527.0,1960.0,D,10830.0,10940.0
Abadan.PG,20220406.0,11000.0,11240.0,10710.0,11060.0,31199443490.0,2820059.0,2146.0,D,10740.0,11050.0
Abadan.PG,20220409.0,10900.0,11340.0,10580.0,10990.0,12498206090.0,1138456.0,1655.0,D,11060.0,10920.0
Abadan.PG,20220410.0,10760.0,11310.0,10760.0,10990.0,20686542690.0,1881869.0,1813.0,D,10990.0,10990.0
Abadan.PG,20220411.0,11170.0,11370.0,10760.0,11060.0,25216415110.0,2280561.0,2508.0,D,10990.0,11210.0
Abadan.PG,20220412.0,11200.0,11450.0,10800.0,11070.0,13448870080.0,1214932.0,1236.0,D,11060.0,10900.0
Abadan.PG,20220413.0,10780.0,11190.0,10780.0,11000.0,13156166380.0,1197387.0,1400.0,D,11070.0,10950.0
Abadan.PG,20220416.0,10810.0,11550.0,10810.0,11480.0,69691406720.0,6068353.0,2750.0,D,11000.0,11550.0
Abadan.PG,20220417.0,11690.0,11920.0,11410.0,11680.0,41832761720.0,3582875.0,2145.0,D,11480.0,11780.0
Abadan.PG,20220418.0,11870.0,12150.0,11550.0,11870.0,53754399930.0,4530368.0,2691.0,D,11680.0,11770.0
Abadan.PG,20220419.0,11890.0,12160.0,11560.0,11990.0,27136767340.0,2264143.0,2055.0,D,11870.0,11930.0
Abadan.PG,20220420.0,11690.0,11990.0,11540.0,11690.0,30834810200.0,2636856.0,1964.0,D,11990.0,11640.0
Abadan.PG,20220424.0,11510.0,12270.0,11510.0,12230.0,84128607060.0,6880757.0,2454.0,D,11690.0,12270.0
Abadan.PG,20220425.0,12840.0,12840.0,12600.0,12830.0,131085587630.0,10216996.0,2657.0,D,12230.0,12840.0
Abadan.PG,20220426.0,13190.0,13470.0,12840.0,13310.0,172420566110.0,12951074.0,5385.0,D,12830.0,13200.0
Abadan.PG,20220427.0,12900.0,13500.0,12750.0,13020.0,67213139130.0,5161797.0,5394.0,D,13310.0,12850.0
Abadan.PG,20220430.0,12720.0,13670.0,12600.0,13490.0,132289649330.0,9806776.0,4124.0,D,13020.0,13670.0
Abadan.PG,20220501.0,13660.0,14160.0,13420.0,14080.0,120358007130.0,8547681.0,3396.0,D,13490.0,13930.0
Abadan.PG,20220502.0,13960.0,14500.0,13560.0,14050.0,55557824880.0,3953799.0,2630.0,D,14080.0,14000.0
Abadan.PG,20220507.0,14000.0,14000.0,13350.0,13500.0,82583521750.0,6119024.0,4050.0,D,14050.0,13500.0
Abadan.PG,20220508.0,13490.0,13490.0,13050.0,13160.0,38017816020.0,2888558.0,2919.0,D,13500.0,13100.0
Abadan.PG,20220509.0,12960.0,13440.0,12950.0,13080.0,40751023740.0,3115312.0,2931.0,D,13160.0,13110.0
Abadan.PG,20220510.0,12900.0,13680.0,12900.0,13470.0,37538410430.0,2787793.0,2742.0,D,13080.0,13580.0
Abadan.PG,20220511.0,13490.0,13980.0,13420.0,13550.0,33767540130.0,2492951.0,2901.0,D,13470.0,13500.0
Abadan.PG,20220514.0,13300.0,13800.0,13190.0,13420.0,52288407900.0,3895977.0,3304.0,D,13550.0,13270.0
Abadan.PG,20220515.0,13130.0,13600.0,12870.0,13120.0,31828800600.0,2425750.0,3058.0,D,13420.0,13160.0
Abadan.PG,20220516.0,13000.0,13750.0,12930.0,13410.0,52310361160.0,3902202.0,6911.0,D,13120.0,13660.0
Abadan.PG,20220517.0,13660.0,13670.0,13130.0,13470.0,43486227390.0,3228977.0,3723.0,D,13410.0,13260.0
Abadan.PG,20220518.0,13010.0,13470.0,12800.0,12980.0,38997331570.0,3004413.0,4438.0,D,13470.0,12900.0
Abadan.PG,20220521.0,12500.0,12890.0,12500.0,12660.0,22272948540.0,1758635.0,2216.0,D,12980.0,12510.0
Abadan.PG,20220522.0,12750.0,13100.0,12280.0,12800.0,21692665840.0,1695350.0,2232.0,D,12660.0,12840.0
Abadan.PG,20220523.0,12950.0,12950.0,12160.0,12290.0,25949451210.0,2111439.0,1249.0,D,12800.0,12160.0
Abadan.PG,20220524.0,11800.0,12900.0,11800.0,12670.0,67963258740.0,5363288.0,2385.0,D,12290.0,12900.0
Abadan.PG,20220525.0,13300.0,13300.0,13300.0,13300.0,36768687900.0,2764563.0,1737.0,D,12670.0,13300.0
Abadan.PG,20220528.0,13650.0,13650.0,12800.0,13330.0,86964587430.0,6525916.0,3132.0,D,13300.0,13020.0
Abadan.PG,20220529.0,13020.0,13070.0,12670.0,12680.0,50435386240.0,3978254.0,1667.0,D,13330.0,12690.0
Abadan.PG,20220530.0,12550.0,12830.0,12050.0,12270.0,39652005850.0,3231470.0,2473.0,D,12680.0,12190.0
Abadan.PG,20220531.0,12160.0,12490.0,11670.0,12010.0,33585967860.0,2797648.0,2332.0,D,12270.0,11800.0
Abadan.PG,20220613.0,10930.0,11810.0,10930.0,11520.0,18525840780.0,1607742.0,1689.0,D,11500.0,11420.0
Abadan.PG,20220614.0,11420.0,12040.0,11050.0,11690.0,55600896030.0,4755216.0,3061.0,D,11520.0,11970.0
Abadan.PG,20220615.0,11600.0,12030.0,11600.0,11800.0,45031517860.0,3815165.0,2522.0,D,11690.0,11900.0
Abadan.PG,20220618.0,11610.0,12090.0,11530.0,11790.0,30192948290.0,2561017.0,2175.0,D,11800.0,11550.0
Abadan.PG,20220619.0,11530.0,11870.0,11210.0,11350.0,31247095490.0,2753760.0,2075.0,D,11790.0,11220.0
Abadan.PG,20220620.0,11120.0,11400.0,10830.0,11020.0,27580000010.0,2501815.0,1991.0,D,11350.0,10880.0
Abadan.PG,20220621.0,10840.0,10870.0,10510.0,10610.0,31068523670.0,2928066.0,1630.0,D,11020.0,10580.0
Abadan.PG,20220622.0,10470.0,10840.0,10220.0,10560.0,29221634480.0,2765964.0,1594.0,D,10610.0,10590.0
Abadan.PG,20220625.0,10190.0,10690.0,10190.0,10470.0,15617264740.0,1491946.0,1483.0,D,10560.0,10290.0
Abadan.PG,20220626.0,10250.0,10990.0,10250.0,10620.0,29820905240.0,2808950.0,1570.0,D,10470.0,10470.0
Abadan.PG,20220627.0,10220.0,10550.0,10090.0,10280.0,29034499880.0,2823138.0,1794.0,D,10620.0,10200.0
Abadan.PG,20220628.0,10200.0,10790.0,10100.0,10610.0,59792787870.0,5638015.0,2685.0,D,10280.0,10790.0
Abadan.PG,20220629.0,11090.0,11090.0,10700.0,10930.0,23048626860.0,2109661.0,1760.0,D,10610.0,10830.0
Abadan.PG,20220702.0,10750.0,10750.0,10390.0,10460.0,23936898930.0,2289293.0,1534.0,D,10930.0,10390.0
Abadan.PG,20220703.0,10600.0,10690.0,10200.0,10410.0,13980407240.0,1342707.0,1356.0,D,10460.0,10410.0
Abadan.PG,20220704.0,10110.0,10610.0,10110.0,10370.0,34981935310.0,3374068.0,1820.0,D,10410.0,10440.0
Abadan.PG,20220705.0,10380.0,10560.0,10370.0,10440.0,13748344720.0,1316883.0,1438.0,D,10370.0,10390.0
Abadan.PG,20220706.0,10360.0,10440.0,10200.0,10380.0,4853684220.0,473247.0,1018.0,D,10440.0,10280.0
Abadan.PG,20220709.0,10520.0,10520.0,10050.0,10240.0,10356386270.0,1017401.0,1333.0,D,10380.0,10110.0
Abadan.PG,20220711.0,10290.0,10290.0,9730.0,9830.0,19784825560.0,2012723.0,880.0,D,10240.0,9730.0
Abadan.PG,20220712.0,9370.0,9500.0,9340.0,9360.0,42862384580.0,4580399.0,1569.0,D,9830.0,9370.0
Abadan.PG,20220713.0,9060.0,9690.0,9060.0,9380.0,5399839640.0,573546.0,1176.0,D,9360.0,9350.0
Abadan.PG,20220716.0,9180.0,9550.0,9180.0,9370.0,8034643900.0,857557.0,1399.0,D,9380.0,9280.0
Abadan.PG,20220717.0,9150.0,9390.0,8950.0,9210.0,7938619570.0,875113.0,1215.0,D,9370.0,8980.0
Abadan.PG,20220719.0,8900.0,9220.0,8800.0,9090.0,6550527600.0,732910.0,1103.0,D,9210.0,8910.0
Abadan.PG,20220720.0,8960.0,9400.0,8930.0,9160.0,10257096780.0,1116227.0,1271.0,D,9090.0,9200.0
Abadan.PG,20220723.0,9270.0,9300.0,8980.0,9130.0,7493546550.0,823143.0,1309.0,D,9160.0,9030.0
Abadan.PG,20220724.0,9050.0,9200.0,8760.0,9030.0,6986489800.0,782420.0,1112.0,D,9130.0,8800.0
Abadan.PG,20220725.0,8750.0,8900.0,8580.0,8620.0,16297575760.0,1890961.0,993.0,D,9030.0,8580.0
Abadan.PG,20220726.0,8240.0,8700.0,8240.0,8550.0,6176823220.0,729437.0,926.0,D,8620.0,8440.0
Abadan.PG,20220727.0,8290.0,8730.0,8290.0,8590.0,10541917910.0,1225677.0,1103.0,D,8550.0,8650.0
Abadan.PG,20220730.0,8990.0,8990.0,8370.0,8610.0,6754177980.0,782849.0,1147.0,D,8590.0,8380.0
Abadan.PG,20220731.0,8330.0,8410.0,8200.0,8500.0,4981616590.0,601690.0,827.0,D,8610.0,8290.0
Abadan.PG,20220801.0,8250.0,8600.0,8250.0,8450.0,5174074890.0,618013.0,861.0,D,8500.0,8270.0
Abadan.PG,20220802.0,8250.0,8480.0,8240.0,8410.0,4930753160.0,591724.0,797.0,D,8450.0,8380.0
Abadan.PG,20220803.0,8270.0,8600.0,8270.0,8450.0,6198388530.0,727683.0,947.0,D,8410.0,8600.0
Abadan.PG,20220806.0,8470.0,8870.0,8470.0,8840.0,17015191040.0,1924808.0,1270.0,D,8450.0,8870.0
Abadan.PG,20220809.0,8880.0,9030.0,8700.0,8840.0,5109062400.0,578478.0,888.0,D,8840.0,8810.0
Abadan.PG,20220810.0,8610.0,8890.0,8550.0,8820.0,2304190460.0,264076.0,782.0,D,8840.0,8640.0
Abadan.PG,20220813.0,8800.0,9120.0,8680.0,8920.0,11155780200.0,1244931.0,1224.0,D,8820.0,8950.0
Abadan.PG,20220814.0,8760.0,8920.0,8700.0,8870.0,4879129840.0,556527.0,824.0,D,8920.0,8770.0
Abadan.PG,20220815.0,8640.0,9180.0,8560.0,8780.0,48908272400.0,5571120.0,1854.0,D,8870.0,9030.0
Abadan.PG,20220816.0,9100.0,9100.0,8890.0,9000.0,17196538750.0,1910386.0,1269.0,D,8780.0,8920.0
Abadan.PG,20220817.0,8850.0,8970.0,8670.0,8810.0,29427514420.0,3341300.0,1572.0,D,9000.0,8920.0
Abadan.PG,20220820.0,8930.0,8950.0,8620.0,8830.0,7196571570.0,812577.0,1002.0,D,8810.0,8840.0
Abadan.PG,20220821.0,8800.0,8930.0,8580.0,8790.0,5102861980.0,585244.0,920.0,D,8830.0,8680.0
Abadan.PG,20220822.0,8590.0,8900.0,8550.0,8660.0,12816782510.0,1483713.0,990.0,D,8790.0,8700.0
Abadan.PG,20220823.0,8560.0,9090.0,8550.0,9040.0,30478985090.0,3371024.0,1361.0,D,8660.0,9090.0
Abadan.PG,20220824.0,9340.0,9490.0,9220.0,9450.0,37783605670.0,3999378.0,1420.0,D,9040.0,9490.0
Abadan.PG,20220828.0,9370.0,9800.0,9130.0,9460.0,29857623370.0,3157070.0,1225.0,D,9450.0,9680.0
Abadan.PG,20220829.0,9510.0,9870.0,9510.0,9780.0,32099366740.0,3282313.0,1396.0,D,9460.0,9820.0
Abadan.PG,20220830.0,9780.0,9890.0,9650.0,9810.0,39434127560.0,4018292.0,1078.0,D,9780.0,9880.0
Abadan.PG,20220831.0,9750.0,10300.0,9710.0,10150.0,39144027930.0,3858270.0,1642.0,D,9810.0,10240.0
Abadan.PG,20220903.0,10050.0,10100.0,9740.0,9960.0,41216784750.0,4139014.0,1322.0,D,10150.0,9980.0
Abadan.PG,20220905.0,10000.0,10500.0,9800.0,10380.0,60152019110.0,5794850.0,1373.0,D,9960.0,10500.0
Abadan.PG,20220906.0,10680.0,10790.0,10300.0,10500.0,16257908340.0,1548313.0,1203.0,D,10380.0,10430.0
Abadan.PG,20220907.0,10300.0,10560.0,10290.0,10420.0,27811398690.0,2668286.0,1194.0,D,10500.0,10300.0
Abadan.PG,20220910.0,10020.0,10320.0,9900.0,10130.0,19996819330.0,1974089.0,1379.0,D,10420.0,10090.0
Abadan.PG,20220911.0,9760.0,10080.0,9630.0,9970.0,8411935850.0,852712.0,844.0,D,10130.0,9730.0
Abadan.PG,20220912.0,9630.0,10090.0,9500.0,9940.0,7072951650.0,714335.0,871.0,D,9970.0,10080.0
Abadan.PG,20220913.0,9950.0,10430.0,9950.0,10360.0,28455627040.0,2747050.0,1083.0,D,9940.0,10430.0
